366	292
158	75
187	68
405	176
710	745
421	1950
403	257
808	410
487	6
220	1825
158	23
320	26
220	77
210	588
123	54
314	1567
115	1589
154	587
9	1922
150	1018
288	257
481	175
62	161
144	100
48	1516
272	470
220	117
170	61
273	431
354	140
158	80
335	68
155	490
63	95
155	1927
92	1319
285	338
404	46
600	2207
290	624
5	637
48	699
21	1
222	177
551	310
36	331
13	375
222	1512
699	1634
13	706
288	222
103	1518
103	252
258	787
159	1639
147	1187
473	43
122	66
13	186
119	531
219	1082
797	128
210	401
331	16
59	180
111	232
37	422
597	25
880	2220
163	741
205	543
139	22
220	904
751	768
606	410
158	635
120	647
56	505
13	1259
66	1608
220	23
477	74
147	583
220	1613
308	1802
13	904
234	153
475	124
310	152
42	103
80	21
109	192
495	352
386	594
257	435
258	184
198	1036
278	2008
729	1781
633	1181
5	171
258	575
205	154
376	2020
363	16
260	1937
257	2083
583	454
63	9
147	335
493	229
147	1266
21	160
219	124
153	269
200	499
404	136
66	1491
263	293
367	249
66	1609
503	1961
42	474
13	371
358	96
71	23
163	1074
66	1617
545	372
473	44
339	544
76	763
258	177
180	1254
92	189
108	1650
445	1006
220	1195
761	2249
59	593
155	605
79	470
66	1629
379	1357
531	962
578	1456
83	1496
66	187
42	626
567	505
174	1385
180	727
130	15
268	375
451	745
828	2182
108	385
53	98
519	745
108	1256
198	229
337	743
421	1947
475	119
121	302
30	482
470	2338
128	846
439	211
59	591
48	5
103	593
152	339
585	854
155	457
270	386
319	175
115	25
215	956
319	185
153	726
103	470
108	805
288	526
273	844
115	1142
9	1339
21	3
273	329
270	771
158	58
615	1913
210	814
12	90
63	98
525	620
13	145
550	909
152	256
13	900
170	126
219	610
55	5
12	1665
525	156
276	391
263	1134
114	136
795	158
321	593
358	97
66	1539
2	932
558	543
147	949
805	493
481	173
17	1256
103	1519
146	261
507	585
134	216
82	0
116	5
163	333
62	5
142	1855
23	152
121	255
220	1233
192	3
34	123
172	98
92	1190
241	7
150	739
17	1481
251	234
328	16
66	182
42	619
74	8
562	25
108	1387
588	255
42	79
942	2325
35	207
66	25
134	24
34	451
463	1323
660	496
219	403
419	543
276	169
257	88
154	960
92	2028
61	438
299	185
42	77
410	1
275	56
2	28
9	2065
222	74
66	26
260	85
26	1161
157	286
29	45
121	187
219	1069
805	490
320	719
261	19
285	183
42	288
18	1048
321	254
34	24
392	1357
387	284
73	81
51	515
132	119
216	461
324	2325
216	23
322	1625
7	260
525	834
219	278
319	572
53	509
218	1202
8	820
220	72
35	7
17	636
134	153
38	1
525	619
290	129
12	759
180	1371
114	270
537	95
280	98
109	551
115	628
12	1290
288	400
219	338
108	990
240	984
655	506
484	425
48	1327
545	1035
134	127
9	1987
237	300
59	302
42	11
137	2003
163	307
812	1820
115	590
230	83
33	951
351	8
121	188
108	1349
210	704
588	589
109	441
197	1244
102	1081
42	337
196	48
321	186
109	132
30	183
205	410
2	236
398	1006
121	356
473	391
48	1530
17	106
767	970
528	730
66	345
606	294
9	2040
438	2282
276	199
166	184
219	186
290	370
76	1286
83	1459
896	2331
178	1809
42	198
458	134
615	1910
195	1837
797	272
737	93
108	1284
387	281
28	229
526	499
42	382
220	73
249	412
112	727
387	344
728	600
147	1769
134	124
206	527
155	578
583	608
75	307
125	375
114	369
115	257
147	1715
215	321
147	1504
588	222
285	403
66	189
936	2317
279	486
172	96
166	211
433	1006
797	271
94	124
53	472
53	97
195	25
165	141
796	56
178	464
279	2181
263	175
314	1614
11	375
79	254
12	74
193	411
102	470
112	609
705	296
107	1
11	765
134	633
258	893
115	1492
285	222
120	211
170	87
103	223
7	2080
716	1574
400	161
698	234
195	26
13	1931
451	768
835	2186
83	1013
63	147
473	465
258	493
141	6
362	2310
386	475
961	2345
702	294
25	4
311	98
483	26
150	1007
155	1121
5	906
109	1003
108	1512
25	567
584	350
132	1419
234	463
104	7
558	544
83	405
540	157
254	344
232	1419
137	27
219	681
109	540
83	1462
103	1505
628	552
353	91
44	45
461	9
661	25
584	281
425	293
48	177
588	306
170	77
490	549
345	458
11	18
215	449
255	15
777	48
764	409
109	933
386	306
137	75
13	1217
37	734
103	1580
288	451
66	17
327	1243
98	759
63	1305
25	1776
219	258
256	533
156	1102
511	505
219	691
13	402
12	511
9	1992
121	25
155	493
837	2234
102	338
100	240
157	103
219	588
402	427
42	439
25	1047
108	1687
435	178
125	372
2	1053
643	513
48	841
210	302
14	5
11	170
219	1576
83	132
199	217
403	94
225	16
17	56
88	16
13	1515
36	1611
303	100
317	380
11	171
15	1
5	892
220	46
79	590
476	371
115	1141
222	308
42	1652
727	2
100	315
100	74
234	28
114	474
66	1707
206	294
64	6
398	544
816	395
47	5
222	1482
108	1340
57	392
103	1132
108	2082
315	16
42	101
314	2113
232	1667
153	266
290	27
134	78
5	602
561	1617
76	4
256	1224
150	733
169	408
83	1007
25	1675
440	505
114	466
279	1530
66	1352
607	506
59	777
437	85
419	409
554	74
108	1445
905	2232
102	475
102	808
765	501
660	497
83	192
403	221
66	880
288	593
46	951
79	94
219	693
467	775
240	140
42	635
215	123
196	494
640	317
92	335
263	934
215	766
137	1865
9	1367
786	947
520	609
75	48
220	864
140	1974
257	170
53	99
361	142
214	143
103	181
663	506
408	393
206	955
217	788
204	17
831	2295
303	96
593	2051
66	183
108	1928
178	127
321	189
263	827
103	1492
5	165
327	630
157	119
240	297
200	500
585	506
538	2154
278	454
147	597
162	145
354	12
507	368
276	1240
256	1722
5	832
103	596
322	673
134	712
219	584
121	180
152	779
583	295
334	730
80	1638
100	44
54	149
178	618
231	500
583	297
445	506
102	1069
274	24
102	25
2	39
709	27
166	572
219	254
186	26
108	2107
115	254
147	2017
220	1830
147	1190
155	1848
705	124
615	1911
123	344
274	78
295	282
224	797
168	1788
276	390
149	579
103	1494
310	980
376	63
59	442
177	1011
460	703
877	2194
137	28
149	573
486	1892
606	543
774	292
79	477
735	17
134	466
828	2121
540	158
163	229
66	510
193	736
794	506
166	1879
98	174
658	2279
342	8
115	475
21	414
114	39
13	374
957	2319
314	1568
208	244
288	592
62	191
236	100
596	411
240	683
103	302
453	746
102	305
13	346
139	1918
615	1912
212	726
103	179
420	410
321	781
63	1304
169	107
215	653
163	146
220	1832
54	625
581	542
210	590
757	835
639	1136
357	761
588	256
412	1006
363	2260
465	1092
403	339
258	231
115	383
448	980
257	572
115	813
279	489
219	280
502	1311
327	1677
689	128
343	16
321	257
166	1076
705	121
205	71
74	7
218	1436
24	620
501	489
66	1174
102	1083
361	312
9	1561
219	47
334	419
258	91
121	470
178	1185
178	76
285	470
249	2109
123	388
137	79
168	776
114	267
270	1041
619	1088
298	2253
169	130
150	550
279	578
34	1210
109	1158
102	403
28	1326
42	1212
12	142
79	225
42	87
88	131
128	717
395	727
178	27
276	144
216	279
502	924
42	135
210	608
115	825
79	784
498	2333
75	949
115	783
821	2171
125	10
183	22
203	229
234	72
620	44
603	1314
249	16
836	2131
42	574
42	874
149	319
103	476
236	98
465	1098
631	35
386	826
341	372
623	239
103	183
12	173
731	1457
714	1720
627	214
257	1055
219	1681
115	305
147	1500
530	120
788	2339
11	496
54	687
299	170
115	17
561	1416
234	618
25	513
121	591
813	870
276	1863
108	1001
115	478
25	2058
288	478
162	146
34	270
671	122
25	246
288	955
188	979
321	139
210	478
215	358
59	221
285	475
166	702
532	548
772	548
234	128
96	4
234	1554
25	1655
374	7
132	124
10	4
403	338
34	103
48	600
263	647
353	196
166	428
5	170
115	909
704	219
108	1392
168	1740
102	255
18	147
137	73
169	539
299	74
114	1126
249	1024
91	232
276	409
171	66
15	706
403	302
352	346
66	909
140	47
219	183
758	282
257	1100
42	530
334	1026
163	701
503	421
17	738
213	158
259	8
217	99
284	472
48	1438
163	792
219	1144
21	320
26	393
635	67
924	2275
587	26
147	330
321	181
142	152
258	937
190	205
715	1190
48	890
757	789
486	1890
585	505
9	1804
59	396
157	122
339	1467
150	164
195	856
75	609
115	44
155	876
83	2061
423	703
220	659
219	595
401	393
48	1100
102	802
210	47
9	951
115	808
195	411
439	387
113	95
166	547
59	1581
345	94
166	1552
85	2300
514	893
92	253
217	980
381	746
25	85
195	1167
66	508
92	454
28	16
102	249
150	519
395	640
157	603
48	1424
415	393
530	63
13	3
407	152
12	1288
108	1923
121	593
163	150
154	1068
220	367
76	292
465	820
572	386
840	2137
220	80
215	450
324	2251
44	131
211	106
48	184
42	102
733	446
440	506
285	588
576	74
74	131
168	901
37	655
259	21
257	671
285	255
226	2195
288	525
240	2034
48	557
13	788
197	1350
154	7
278	608
594	63
341	472
288	252
92	181
66	776
258	348
13	510
134	71
35	268
225	8
288	954
941	2325
234	29
150	726
193	1028
21	19
178	60
121	457
318	1028
279	366
839	2136
669	2105
25	1654
109	405
308	388
13	1924
13	605
109	109
79	224
134	613
35	836
158	337
92	1801
288	523
354	1209
263	886
463	1324
473	390
335	839
197	231
383	506
21	321
215	654
115	1580
42	834
76	1178
115	400
34	864
450	308
150	535
812	2074
847	2145
34	865
91	261
276	466
407	393
586	764
1	2198
13	1929
319	88
279	490
206	526
214	68
142	508
481	170
219	676
166	1706
44	7
9	517
25	687
243	0
195	1166
163	310
137	960
5	91
354	25
205	542
155	486
161	99
220	1833
352	579
240	2033
545	376
5	600
102	253
525	80
59	594
219	120
320	282
109	413
114	23
859	2160
59	181
85	229
257	177
48	1483
599	1301
112	610
144	99
114	79
404	77
121	257
17	737
45	2064
66	186
155	306
196	1899
53	510
66	403
105	309
631	132
98	4
575	51
381	229
773	67
42	209
407	392
155	224
147	1503
36	507
166	1220
115	863
285	252
42	225
166	571
249	586
357	322
257	184
37	2333
166	1883
103	182
371	8
163	1171
58	5
126	145
274	117
66	1433
17	1117
260	94
254	1386
102	704
63	10
373	167
178	480
147	1265
206	298
151	83
72	292
530	124
121	248
27	4
204	197
288	256
42	28
362	1357
747	747
322	632
393	546
270	702
203	1486
296	16
92	1770
123	1352
83	840
199	216
259	768
256	867
34	452
379	505
288	595
324	64
100	11
37	1656
161	766
846	2304
137	24
2	123
650	1137
13	509
36	7
126	100
142	1856
83	1012
9	623
421	1930
134	73
103	306
234	210
2	235
290	76
66	1586
413	1734
71	100
134	39
478	506
103	442
48	165
257	1887
419	736
155	322
424	411
249	745
353	366
324	67
140	48
125	374
219	591
59	255
610	548
42	57
18	1289
764	2324
597	1298
352	308
481	558
37	83
276	174
258	1905
357	763
162	149
258	1176
142	946
154	26
219	510
524	506
121	589
219	123
184	196
197	1498
334	418
403	254
623	311
263	892
276	34
276	198
797	382
9	1610
276	1815
533	3
386	402
484	1057
74	45
930	2299
506	1014
290	209
42	464
108	988
113	99
215	2052
386	470
256	8
857	2321
568	1137
220	929
501	492
352	1697
137	1074
214	768
553	301
263	184
210	188
526	498
105	151
108	531
346	18
66	1150
77	3
387	275
76	149
77	1173
506	544
220	208
308	169
37	82
404	41
270	564
490	36
79	253
311	100
345	419
332	497
263	563
686	103
42	466
98	506
147	329
115	1320
102	254
120	18
906	2233
347	9
29	26
31	14
413	409
80	1045
25	1860
846	2144
42	639
333	1006
232	1278
468	550
25	150
48	293
77	789
121	1286
34	851
141	1369
878	2200
373	562
76	12
277	392
172	95
114	210
103	187
907	2238
132	176
114	1129
584	283
219	802
120	106
270	171
270	872
25	2024
128	715
163	47
42	72
150	413
170	27
149	1577
838	2135
154	249
36	81
103	803
317	500
115	1499
54	2045
81	17
108	971
108	994
271	4
35	1104
66	482
281	388
324	121
500	919
147	911
54	261
465	547
158	117
675	44
163	1023
241	8
476	472
9	81
29	131
164	32
158	61
2	887
258	428
54	569
205	29
260	1484
51	1877
195	542
11	1061
481	174
219	1320
34	574
5	895
15	772
405	144
223	266
42	865
158	318
597	359
66	1490
36	869
261	484
256	663
155	575
71	10
218	142
409	225
18	143
155	784
437	0
805	488
220	1264
102	140
529	4
402	70
25	545
732	176
321	825
66	946
120	737
137	1639
134	1127
5	898
121	247
610	300
92	183
126	9
13	392
274	76
158	267
114	154
279	1016
207	143
345	55
219	139
71	12
329	1204
514	211
102	262
227	32
115	188
448	152
66	1933
299	173
295	25
728	32
479	376
115	1084
270	557
596	731
312	7
176	2
108	1071
79	304
168	249
105	1675
202	197
109	130
114	58
434	393
404	57
589	513
644	83
79	255
220	1754
42	452
398	173
386	256
149	797
48	1510
325	775
169	132
745	1038
781	1369
578	88
249	758
161	320
18	5
51	114
288	189
606	731
85	131
276	92
196	325
605	125
288	396
196	1138
285	187
152	306
322	850
263	571
116	4
483	25
9	1991
66	346
934	2315
503	417
492	543
329	1206
115	1585
151	85
258	656
34	26
521	973
100	313
108	2081
115	781
15	705
115	595
128	2091
558	410
102	628
290	60
205	126
641	65
59	826
2	1374
160	19
234	57
658	2210
793	65
220	1827
63	1766
115	1083
103	779
22	3
685	184
220	76
219	779
531	1952
219	1146
93	1968
12	88
346	33
37	1178
763	1928
42	633
147	327
102	648
398	170
671	124
219	1679
231	125
318	1026
278	347
667	700
401	62
109	104
147	800
102	139
263	702
217	100
92	81
267	7
505	62
59	478
48	700
153	110
216	40
13	150
169	1012
256	1724
48	323
588	442
381	768
320	25
34	1213
137	46
258	323
108	713
220	1187
803	39
121	863
563	173
220	1295
615	961
479	373
308	166
23	393
450	759
290	198
79	221
115	645
108	1198
424	544
216	881
263	936
857	2159
260	1043
15	568
501	491
121	306
305	16
668	239
709	28
535	996
219	256
234	41
21	573
54	10
879	2202
296	7
276	172
115	1113
21	579
98	383
637	2258
15	566
178	36
697	422
263	636
15	149
335	745
100	177
108	1631
108	839
743	410
276	184
76	761
165	395
121	254
48	1441
80	384
169	104
635	66
179	134
272	365
166	386
618	1344
765	498
109	848
197	340
204	196
126	97
34	226
115	1081
578	323
7	15
42	39
12	91
92	325
345	225
170	72
210	256
439	88
274	27
163	1557
13	600
59	1113
25	1179
717	472
102	303
180	138
132	997
25	2059
734	2130
120	1377
47	4
279	656
25	757
717	376
66	1033
471	506
372	17
134	136
166	1882
103	140
269	379
798	64
115	1132
396	658
34	1647
150	110
659	37
121	179
157	24
456	372
11	169
728	599
155	470
42	119
734	1790
215	207
115	777
587	297
689	127
295	16
420	1610
409	226
34	264
546	1454
728	600
13	306
134	79
479	410
195	410
66	512
397	125
46	8
12	599
322	1139
42	528
94	131
321	253
306	16
219	798
262	1744
544	409
320	140
220	1238
25	145
195	1646
471	1006
215	529
102	779
918	2260
109	553
138	427
25	788
45	16
132	194
147	802
89	15
258	1579
30	2014
528	410
587	25
36	665
538	506
341	376
288	524
623	43
588	180
128	1453
137	140
331	8
163	1073
42	313
210	596
285	400
105	191
263	872
66	1048
109	51
206	124
588	304
517	1148
42	208
17	1412
601	1375
231	499
909	2244
63	1225
95	4
588	590
25	2057
92	259
48	1289
219	179
323	1369
25	3
238	564
83	404
245	7
599	1302
191	25
35	45
486	1731
585	855
272	181
161	98
82	152
454	543
120	159
25	261
287	8
121	1352
680	1457
271	3
290	382
404	72
8	4
163	608
115	591
635	64
517	887
235	86
321	704
528	543
138	64
828	2242
859	2214
2	1612
76	1
392	1006
103	628
114	36
18	1665
307	7
149	905
45	2334
18	4
7	1202
270	314
155	491
258	74
13	1306
77	835
77	671
128	69
528	731
121	588
421	1929
134	278
18	760
34	153
215	1623
238	17
59	1583
169	50
257	950
36	316
108	2087
25	706
32	0
539	8
9	1637
195	1159
170	887
220	921
35	121
576	44
108	399
206	525
387	278
7	424
137	38
25	146
764	371
92	328
83	104
925	2286
59	1132
321	1142
467	733
137	887
321	302
70	242
205	28
931	677
257	1392
631	2153
276	383
215	268
137	1073
108	1000
169	404
79	222
63	99
42	1527
249	750
220	1186
108	416
279	432
122	63
94	123
404	224
13	794
66	1470
114	642
25	1277
419	1009
821	26
772	549
98	173
222	312
137	39
290	504
276	386
257	906
702	856
178	1810
103	211
114	318
215	389
641	67
115	255
144	95
718	2311
97	15
337	185
103	190
403	189
258	1222
48	348
42	273
48	1509
2	34
63	151
83	1458
145	423
257	74
42	264
405	395
34	78
409	94
614	25
196	330
780	169
444	1045
378	176
532	549
238	301
261	576
77	249
121	251
190	204
66	396
85	176
163	1155
220	1191
701	29
270	89
121	1145
633	21
178	154
108	1741
588	648
313	1
210	248
5	636
531	964
315	7
676	292
320	1150
149	809
212	118
9	1763
115	880
158	38
139	443
59	182
561	1521
439	511
806	745
364	16
347	10
206	529
234	620
190	716
263	387
44	745
25	1464
202	341
753	28
616	308
108	769
59	223
95	191
102	1146
114	1197
206	447
48	1602
92	47
206	952
219	679
343	409
102	800
197	546
170	195
588	259
66	258
249	742
79	256
871	2183
112	47
170	318
394	1006
34	25
13	861
100	658
108	999
121	183
270	547
12	637
290	40
591	1292
112	608
166	841
257	1483
9	754
220	1234
25	10
158	79
185	143
421	961
240	122
139	1513
219	298
439	386
180	55
401	392
272	223
530	125
456	375
270	563
206	522
195	581
5	787
140	609
507	932
345	854
79	8
569	389
34	448
34	23
599	1299
111	143
195	1026
115	589
115	396
166	1796
210	825
519	122
525	40
103	26
599	1795
272	37
150	723
633	1183
232	347
72	5
196	454
5	88
223	467
195	731
711	560
112	358
37	561
531	1949
525	34
145	625
256	389
335	746
154	1875
43	22
159	479
290	199
821	2115
321	1320
215	526
13	812
314	1323
147	1983
270	1383
398	542
102	783
13	1450
83	116
288	401
219	276
588	221
13	793
66	1063
215	213
249	1403
163	632
593	1362
5	1353
18	162
308	174
33	16
215	1621
125	472
344	8
560	124
13	319
13	2002
234	27
114	461
149	1279
200	12
278	7
5	611
168	510
11	313
682	2199
510	939
222	546
258	170
217	1426
219	1142
37	10
377	48
66	1149
276	156
146	150
421	1952
644	85
170	121
79	400
797	370
66	1374
491	912
5	166
290	28
216	275
36	754
94	45
22	4
285	478
324	65
25	959
105	147
147	1164
257	432
155	403
134	75
66	222
419	730
150	467
155	402
92	1187
5	1695
256	291
17	1393
157	29
210	183
15	150
657	547
258	387
115	1576
15	148
115	779
180	514
265	83
59	259
155	1845
249	741
132	144
258	890
416	68
48	313
563	175
59	400
152	780
152	259
788	1369
30	2012
34	207
327	633
702	855
636	0
362	26
92	16
276	63
401	67
718	2265
353	197
216	58
115	183
338	196
844	2142
103	383
105	148
231	380
134	790
285	189
71	97
161	319
145	106
288	254
354	1926
138	66
108	435
347	1
354	10
278	542
219	782
205	36
108	177
479	472
258	487
92	910
92	672
502	927
387	279
805	578
234	289
321	778
260	1719
421	1931
76	1698
215	955
361	1220
197	700
191	17
157	41
219	476
17	260
155	182
274	26
73	8
115	179
274	208
15	10
793	66
103	344
276	1105
15	151
34	473
257	723
121	401
551	831
166	1037
798	63
216	276
5	1134
258	1039
43	7
741	56
615	1360
35	103
588	476
103	1099
353	18
48	611
301	1
583	298
66	1034
743	544
102	179
163	1022
206	524
210	589
197	1002
803	40
34	795
103	304
324	606
279	185
109	539
260	247
180	43
606	1009
386	221
114	127
257	853
117	21
42	199
317	502
103	188
76	1046
70	1
587	496
13	360
307	8
578	89
59	303
318	411
59	257
85	517
108	771
71	29
195	1537
370	7
833	2127
463	425
5	687
193	542
281	25
59	595
147	331
203	8
109	550
588	402
285	223
66	778
386	339
260	231
63	150
551	1065
866	2226
338	197
193	731
119	1
241	2298
168	531
273	1569
195	1533
159	11
66	352
92	332
673	549
258	636
306	8
215	453
212	725
59	704
134	27
386	181
219	305
242	345
155	1226
357	1090
396	74
208	242
183	21
197	74
151	84
259	747
319	563
36	16
561	1415
273	326
444	1319
414	949
376	64
334	422
276	410
475	125
48	1672
258	314
83	1888
111	9
547	1057
168	1150
718	294
66	1618
103	478
288	528
355	8
258	293
134	195
103	166
44	6
115	841
147	931
13	19
35	125
42	80
220	39
257	91
132	6
322	325
219	683
285	258
258	1041
552	548
421	1954
258	1904
413	543
285	302
403	402
66	1488
59	1582
15	0
147	1876
222	541
451	48
215	522
285	476
170	23
75	187
400	185
526	502
62	3
175	160
9	2326
137	34
102	596
196	609
624	731
278	543
180	806
182	143
703	2009
46	7
9	290
398	505
59	1580
587	495
263	1042
272	182
12	185
59	179
863	2166
98	3
25	570
147	47
353	1453
648	11
48	1606
48	435
178	199
644	86
32	1
220	1269
414	1319
319	383
154	1173
137	126
13	225
134	61
121	778
528	409
115	1140
17	53
36	623
79	223
114	27
15	1305
195	1597
344	7
79	25
52	19
797	270
216	34
137	80
170	80
34	992
79	302
343	730
205	46
126	545
775	549
48	185
258	313
25	599
242	723
134	217
231	102
257	175
195	1014
145	260
219	2167
424	409
735	1586
301	687
163	325
115	186
66	249
220	1231
854	2152
109	770
242	950
115	1575
563	174
256	1725
34	879
7	30
163	494
747	388
108	2079
48	893
628	409
168	1475
57	20
403	222
273	47
219	190
163	1252
404	140
42	227
34	503
276	635
43	998
36	586
835	2336
234	73
197	787
178	463
329	262
42	156
215	473
417	646
142	344
258	1040
103	947
37	1
34	77
42	1287
525	29
114	34
34	126
864	2166
163	213
748	1861
85	2285
170	267
66	1538
233	47
821	399
9	1986
5	769
178	273
210	180
866	2
42	613
66	306
413	410
220	60
357	471
13	1079
153	518
607	677
386	403
756	181
100	636
699	1632
274	36
132	125
789	44
844	2177
468	551
203	7
66	587
865	2
34	504
456	552
155	225
249	756
256	666
232	1786
79	785
537	97
345	224
530	64
638	506
108	991
168	671
103	783
79	227
157	473
102	476
103	1501
482	26
439	1056
350	118
233	2236
616	419
25	1658
523	647
83	1398
163	742
30	887
170	36
193	197
42	390
5	314
103	1585
71	99
156	607
36	334
155	222
615	962
103	345
25	1046
555	1110
286	143
156	1525
320	183
9	869
288	591
48	599
25	601
12	5
529	3
120	33
531	1951
13	139
66	181
48	892
155	356
5	600
34	199
48	687
105	150
134	285
163	587
126	147
381	767
63	191
215	152
606	296
279	484
921	2263
168	944
791	842
178	479
103	222
30	2015
205	73
315	8
108	937
361	1516
155	484
256	1122
13	1260
324	533
765	500
13	1841
403	186
109	2102
231	121
66	1250
30	305
584	280
103	2159
2	1797
38	4
120	889
321	190
17	1395
512	479
588	396
11	371
641	64
214	745
92	1114
889	2213
85	310
102	588
317	2343
66	343
630	2302
156	122
717	375
775	1965
353	74
25	1353
85	316
260	479
276	790
17	697
42	318
328	8
285	257
13	625
734	1794
450	55
258	1296
66	764
418	679
572	74
441	16
5	142
219	470
25	292
717	374
85	8
17	1255
103	780
215	573
163	1760
288	448
163	837
29	951
452	201
150	748
180	839
234	649
322	326
150	1017
451	1476
195	409
43	513
473	134
220	59
15	3
467	551
142	224
604	1319
439	348
134	280
63	1767
102	402
92	48
220	273
524	1357
856	2312
178	649
113	97
846	2134
118	17
258	511
258	1043
13	1252
386	257
137	54
407	1252
517	960
83	1218
692	609
147	1569
209	322
108	2089
195	513
155	227
274	61
258	687
103	388
150	725
220	685
115	648
220	1230
147	336
668	44
115	799
486	1553
211	93
197	177
134	439
530	193
4	3
55	97
583	684
257	387
43	703
155	305
647	1384
490	27
405	120
48	600
559	26
177	82
221	746
42	624
233	48
413	1733
114	126
263	1041
492	410
276	1129
462	543
891	2216
18	545
180	723
115	187
247	197
178	198
588	875
276	1243
134	1130
121	1146
42	447
597	360
122	67
210	592
163	1153
280	99
647	220
927	2292
45	951
490	466
206	451
274	34
219	508
288	103
301	0
391	497
143	95
780	173
139	1045
178	370
270	172
197	723
109	1458
274	60
66	254
386	305
166	1565
63	146
53	797
595	348
258	485
218	1435
166	1223
362	1006
34	481
206	1636
334	561
76	146
242	577
13	1304
143	98
134	474
163	609
404	262
212	467
146	149
166	658
323	1764
220	1265
588	1006
150	429
354	1822
321	188
80	1319
373	110
258	577
168	393
357	224
344	835
114	195
153	274
276	1293
616	418
195	838
13	322
33	8
155	489
653	18
48	3
30	221
108	981
214	747
261	491
109	775
34	391
168	482
437	83
108	917
77	901
109	274
155	1089
109	534
506	731
48	1041
166	91
594	66
66	782
111	1
781	1544
263	899
13	508
42	1273
233	307
249	2108
149	321
66	1169
170	58
884	2206
322	1642
108	2096
48	787
526	501
469	322
13	1414
220	363
121	1885
163	586
329	26
155	1430
25	1303
114	878
163	145
318	410
108	728
48	558
42	1275
308	1573
319	314
811	1
59	339
922	2270
387	249
850	2148
708	827
121	304
79	152
34	528
263	428
13	146
216	39
107	229
103	338
25	84
115	1530
34	200
735	200
54	570
288	181
302	2232
438	21
570	1160
53	376
147	610
774	22
465	823
18	150
219	297
220	1753
704	216
25	1514
90	37
121	1070
486	1728
137	154
615	964
121	594
210	223
631	107
155	37
801	2047
285	3
48	142
17	1004
85	516
121	402
456	371
5	177
219	454
128	716
66	1710
397	207
563	171
645	409
25	866
209	436
114	87
154	887
879	2247
442	16
263	1055
4	165
115	442
9	1997
166	1043
54	151
433	505
205	552
234	87
154	1032
132	120
71	9
34	465
734	1367
82	25
420	542
724	425
333	1357
157	776
797	199
805	489
264	300
114	271
681	789
263	950
773	65
134	548
149	152
197	55
220	1829
75	188
468	1007
114	155
158	466
314	788
34	272
249	1404
109	1398
439	1055
5	366
588	826
524	1006
290	61
216	884
2	120
263	1002
516	548
324	125
9	621
308	16
102	781
639	1137
159	287
303	98
13	1091
782	998
66	1306
486	888
158	28
308	134
276	1262
606	544
276	1261
114	463
234	382
811	0
421	1360
132	608
268	372
114	77
522	549
258	936
66	1621
63	145
339	543
232	201
812	2078
328	2204
154	17
206	206
303	95
361	90
103	1142
276	1210
112	134
9	1838
372	1065
9	131
235	83
753	29
134	23
334	410
2	194
288	304
70	245
204	48
465	1467
66	960
795	157
669	1402
13	791
276	119
121	222
55	261
121	223
25	1147
285	303
120	707
103	1146
103	1140
805	487
66	302
17	1551
514	827
36	310
216	355
155	186
215	1121
525	92
102	1070
168	349
319	872
403	306
689	129
92	746
588	183
705	294
117	22
357	887
219	181
77	812
605	122
126	261
372	1066
114	1532
386	648
126	99
14	4
170	38
12	636
13	1908
42	120
0	5
169	540
821	317
115	477
265	85
258	886
273	632
83	2102
29	81
310	97
254	7
158	73
597	358
18	880
251	1436
240	121
299	314
273	331
319	177
178	1010
288	450
134	34
44	8
462	1009
272	180
339	95
600	876
240	388
204	965
215	471
288	596
280	100
155	181
5	1296
397	68
103	777
155	1857
88	81
504	418
219	694
824	2118
288	338
270	174
321	813
108	323
563	169
66	0
42	127
321	179
257	169
511	506
263	687
123	26
42	618
34	447
108	2092
108	700
42	1213
9	291
8	1095
168	2072
190	392
263	1560
46	45
162	10
83	1480
170	135
25	1044
270	383
151	86
150	430
132	599
290	272
231	1006
108	806
788	1550
55	1
54	568
150	617
42	289
290	273
323	1544
72	687
18	149
66	256
560	144
384	395
274	75
103	189
312	16
5	312
79	180
53	671
320	718
734	2337
76	145
288	1061
154	508
5	315
401	63
320	717
258	185
163	1151
634	409
103	1503
318	1009
37	547
337	161
147	1642
33	131
257	323
257	314
170	26
76	406
9	2025
322	336
584	275
42	1647
505	64
565	55
242	490
270	211
241	409
588	596
156	1103
153	118
256	347
25	314
592	105
206	1450
35	607
129	68
219	277
421	1953
273	1114
197	1631
137	40
149	249
594	67
5	759
102	259
34	613
947	2334
330	21
233	1865
66	1113
752	383
198	0
109	1480
386	590
634	1009
79	593
195	1124
257	293
504	421
556	158
9	7
215	452
2	1799
28	7
77	605
215	319
321	780
595	211
270	1440
34	337
79	131
226	32
195	2114
175	10
588	254
210	594
686	101
79	305
34	117
183	1774
325	441
168	356
249	43
195	1108
273	845
219	1520
59	338
479	730
109	404
525	362
195	938
115	248
42	463
258	896
13	226
687	55
404	92
321	1070
92	1189
221	143
150	1019
519	125
421	1951
142	945
234	46
66	1469
163	838
584	278
66	304
274	41
13	1839
11	314
134	120
215	876
162	147
147	1851
150	1020
168	1812
193	544
356	216
779	134
216	352
25	1335
197	239
367	346
215	818
361	88
108	1253
515	727
42	136
197	1620
83	193
153	1705
321	401
155	226
574	411
228	32
822	2116
163	1670
170	249
79	226
327	1447
108	212
361	787
492	409
219	958
102	593
30	222
279	483
478	505
34	75
108	699
42	369
376	513
59	248
256	532
454	736
108	629
793	64
421	964
265	84
157	1649
209	1034
166	723
37	9
13	1415
332	495
319	169
63	96
42	41
121	259
170	120
343	1014
220	642
25	761
111	0
42	210
398	169
258	1755
263	1516
696	1591
91	1
613	959
404	29
66	1046
624	409
525	41
381	745
149	766
216	281
142	186
222	240
157	23
586	1513
797	198
42	653
158	77
215	904
109	729
311	97
80	22
13	223
17	2098
42	194
525	199
531	1954
302	266
635	63
142	225
104	8
596	409
182	2046
320	31
197	1284
134	612
134	279
265	1406
159	858
334	420
48	90
546	1054
142	944
610	549
42	286
251	1434
345	561
290	38
13	1328
788	1549
249	2326
219	248
34	210
13	1147
139	47
48	74
170	439
219	781
631	133
329	140
220	27
288	339
72	3
257	348
102	887
23	322
205	614
39	505
403	255
73	131
895	2291
5	896
60	19
322	329
128	718
759	6
751	746
294	8
404	227
367	1090
180	44
137	1072
537	99
66	188
353	89
322	335
247	196
257	383
5	293
156	120
386	1531
822	2276
75	777
596	410
234	24
236	980
13	359
278	544
461	1878
788	2272
335	771
48	1008
172	99
276	209
36	621
805	485
48	170
115	1163
102	1113
219	801
258	169
220	58
112	307
48	1288
810	32
861	2161
25	566
94	120
647	2060
103	1082
285	5
133	12
42	137
48	702
229	32
386	400
147	1080
404	28
602	19
34	140
273	334
158	39
489	54
48	759
149	901
15	9
5	1058
125	1006
219	589
147	912
195	224
77	766
5	5
163	1075
13	471
257	44
210	591
579	1245
134	214
103	17
263	896
59	189
205	439
258	172
178	78
321	442
592	454
357	600
273	336
320	1448
55	12
587	296
136	1357
14	1215
147	368
155	259
305	7
241	16
2	233
180	1650
2	1448
178	2224
34	382
215	451
299	169
345	420
81	245
139	454
205	34
115	171
36	622
178	153
128	427
68	22
566	1135
151	82
220	1194
13	17
11	611
13	1475
166	169
641	63
152	1099
295	8
345	227
34	40
30	94
288	306
698	236
168	457
288	452
66	344
134	123
131	37
366	5
220	75
215	121
115	1143
255	260
582	1137
66	140
677	544
0	0
625	835
115	1045
530	65
216	882
827	2120
23	797
278	410
413	542
288	102
34	206
257	2094
134	60
799	25
278	389
426	178
5	89
83	729
36	347
615	249
272	222
350	519
149	393
166	849
15	12
240	295
258	898
276	124
92	433
813	831
765	380
108	804
66	1868
386	304
138	65
170	959
66	246
114	288
91	10
517	959
375	176
205	80
288	2031
17	1254
102	166
66	338
429	505
190	203
83	35
150	230
152	341
252	8
797	127
279	142
204	964
742	549
154	25
102	188
12	1289
205	736
255	106
771	732
150	163
219	596
488	395
147	845
9	1338
717	901
123	249
210	339
121	1081
215	1031
42	453
209	1303
588	182
54	9
337	407
913	2257
263	557
219	1141
299	142
147	1508
155	812
386	190
756	306
142	437
544	736
108	514
157	46
114	29
710	747
219	609
77	4
734	1122
361	89
180	700
154	509
318	731
655	505
359	8
235	85
155	1778
42	641
215	377
132	121
479	552
163	850
163	48
396	6
13	1305
302	726
57	393
149	414
279	293
79	401
383	397
605	123
100	1008
357	37
25	772
2	121
757	101
42	200
279	485
447	2258
242	249
542	44
486	1891
108	1371
175	12
155	200
292	229
258	90
155	544
13	1150
108	1771
270	839
284	372
383	1006
374	16
78	2280
13	946
108	134
289	6
37	420
219	1492
143	97
263	723
220	1719
60	160
432	548
7	6
220	1281
583	2197
240	2032
357	605
652	10
470	548
404	117
15	261
115	1080
490	465
220	1236
195	736
481	1058
505	67
587	298
233	1958
421	1999
108	317
42	370
205	27
274	126
196	334
386	258
94	81
195	200
765	502
48	1603
103	341
494	47
30	45
103	1145
115	387
206	954
34	265
115	403
210	510
529	37
135	86
530	123
195	1168
34	72
12	169
215	523
387	247
398	171
83	1307
158	135
115	26
0	1
701	23
134	549
76	148
386	442
645	544
141	1546
662	2317
534	68
272	403
259	7
119	0
571	18
288	1347
142	1762
103	801
252	7
66	1252
365	2214
562	1761
337	309
195	1085
329	1203
66	809
258	1042
92	329
263	937
219	677
163	149
66	1515
127	68
707	2324
736	389
256	662
734	2214
674	410
175	191
66	521
215	521
256	1368
220	369
234	127
108	611
178	135
241	2191
634	544
258	171
163	1485
92	187
59	256
108	311
222	134
150	1391
288	710
115	1144
100	426
149	103
8	823
588	401
115	252
334	731
933	2313
152	254
597	26
167	143
147	585
58	4
66	1047
525	618
285	259
195	552
37	5
163	335
499	703
198	1
288	101
288	589
197	1869
506	1009
154	54
14	22
504	422
12	602
42	27
74	16
191	142
109	108
502	1309
397	101
260	246
386	777
34	39
324	63
34	289
240	294
357	1089
274	474
34	61
66	179
848	2146
220	438
66	143
339	98
30	223
531	967
234	503
7	31
121	704
206	101
125	505
614	482
2	103
258	1695
332	496
276	170
114	1342
121	339
157	102
327	790
178	24
125	12
186	887
319	231
224	149
357	360
115	223
155	180
268	374
108	2042
352	249
92	223
195	1165
163	828
157	604
79	596
195	582
242	578
191	1435
5	1038
150	266
79	179
114	337
219	122
66	1982
42	186
454	552
386	589
588	139
288	1346
258	638
310	98
23	4
2	457
486	1640
276	314
177	85
263	1392
43	608
362	506
175	1664
71	261
114	80
79	183
14	21
18	763
386	595
232	1693
369	16
168	788
652	12
92	609
132	1328
862	2165
756	222
215	125
85	81
578	368
232	997
845	2188
115	588
205	208
92	307
134	634
108	671
219	1685
153	725
223	726
42	126
109	2232
147	1643
196	299
339	100
5	572
216	38
290	57
233	22
258	1056
260	547
761	2123
13	1449
179	22
115	222
258	315
210	610
367	345
699	1633
386	248
35	1103
115	170
615	1359
233	949
403	248
103	475
168	809
50	14
92	674
25	602
34	79
77	345
240	437
234	362
79	81
456	376
249	831
147	1264
219	678
220	1193
114	76
195	1107
781	1543
115	346
926	860
273	335
249	749
728	627
813	871
322	931
59	475
288	1345
25	12
178	272
894	2225
77	357
471	37
5	175
59	477
391	496
403	252
528	542
128	2101
334	1009
270	1817
59	258
439	91
206	102
155	183
66	1361
322	1643
2	356
13	1423
220	79
316	427
766	2218
121	1538
48	906
501	486
48	1039
334	421
30	1775
219	854
79	45
232	1224
386	186
421	1956
270	2030
156	1522
191	54
491	2281
115	262
470	549
155	542
48	240
477	177
158	24
223	725
81	243
114	61
42	1293
276	2327
200	10
108	166
288	223
456	373
661	505
147	829
15	687
404	36
40	3
700	23
17	1377
320	152
651	9
258	713
149	320
219	257
288	470
48	563
531	1953
13	1557
421	1955
263	1058
394	505
59	21
206	528
398	411
36	868
528	1014
217	1160
76	9
210	182
355	7
11	175
702	854
9	516
111	233
42	612
121	186
358	99
18	743
807	505
103	25
128	982
733	343
381	711
520	608
278	532
2	119
59	306
286	2320
61	506
449	744
692	454
163	431
756	139
114	624
166	1101
5	435
196	597
525	60
152	188
108	434
404	71
115	596
125	371
108	546
34	209
285	305
308	172
612	1339
178	73
404	73
240	124
83	1807
83	1808
147	1717
126	510
726	1574
588	258
43	45
681	835
103	782
565	43
856	2156
249	334
783	2297
584	285
210	181
63	100
48	1222
103	477
449	427
5	386
103	254
120	888
141	1368
285	134
134	126
223	116
299	841
5	571
297	8
190	715
495	350
578	1889
42	1555
155	458
257	769
147	1823
215	359
92	222
123	25
109	1479
206	122
163	332
299	323
79	16
142	94
319	313
40	5
35	8
284	375
178	29
231	501
163	1172
109	116
437	84
756	182
193	543
152	302
199	218
609	1337
662	409
345	226
156	119
132	201
309	7
525	272
218	1434
447	548
147	584
51	395
317	499
593	1294
92	8
285	180
102	880
442	8
366	4
662	542
166	1881
163	151
257	173
89	2273
358	292
13	482
256	16
290	834
103	585
219	259
30	143
91	235
147	1268
152	1400
272	305
521	977
258	142
92	326
439	231
224	145
168	797
509	56
15	1326
206	295
102	585
114	504
47	3
107	68
398	506
321	808
607	678
152	181
102	388
25	705
37	85
13	797
224	1109
224	224
25	600
155	26
154	1252
197	886
170	79
149	346
567	122
386	591
220	1809
592	434
48	1221
302	118
399	776
163	378
180	546
641	66
249	755
290	461
163	794
147	431
299	383
560	123
42	451
257	240
23	319
210	259
605	194
195	1169
788	1545
137	437
108	872
59	590
48	88
327	1785
257	317
240	101
30	25
124	6
170	41
438	2133
215	122
42	263
63	97
240	102
427	616
100	231
218	25
614	26
42	1210
788	1548
28	131
197	913
147	1716
584	276
257	787
258	1322
18	191
369	7
195	855
303	99
261	575
324	122
234	624
17	1409
25	149
419	1014
554	0
154	247
134	121
149	1150
9	1895
163	328
584	361
469	143
677	410
183	1773
163	1587
158	34
205	60
215	448
59	304
219	339
48	312
220	1752
806	747
51	53
606	295
882	2205
168	900
274	58
216	129
675	239
215	701
12	0
387	346
314	1513
21	319
34	29
263	894
152	401
797	129
42	450
671	125
274	80
439	315
168	946
284	1357
525	127
386	596
48	314
220	199
219	826
215	286
23	414
403	253
560	125
279	315
466	1
2	1050
321	248
178	318
700	1240
48	1604
12	165
9	622
396	1061
322	431
114	153
134	481
205	76
588	248
108	1290
114	198
43	16
114	57
276	544
215	124
42	526
123	345
817	32
45	2063
314	721
501	485
17	18
294	2337
169	108
219	125
216	649
108	2008
120	93
257	1016
147	674
54	191
220	1228
769	1945
525	209
734	2254
48	572
162	150
140	1976
18	151
210	304
115	1518
321	187
59	222
220	1073
288	777
103	253
7	394
433	506
188	196
209	262
42	449
513	37
780	170
256	1723
28	178
42	187
66	1708
66	1517
108	1350
630	300
403	442
213	220
735	2299
276	1242
23	573
126	151
151	682
290	29
13	1219
212	518
128	228
79	259
216	361
308	175
42	270
166	174
307	37
148	260
327	1676
781	1122
15	292
245	2201
248	7
507	1944
152	782
273	494
108	1889
424	552
372	310
265	86
598	506
66	1460
594	64
443	2266
140	1980
216	27
64	31
580	1137
222	670
321	596
249	753
587	295
584	279
343	410
234	381
220	1188
59	470
465	819
756	305
34	87
169	933
108	2106
808	544
134	390
258	486
34	641
6	3
59	814
63	261
541	1061
76	150
288	259
712	560
290	80
135	82
92	844
311	96
155	513
36	758
66	1737
276	1015
257	702
216	272
103	589
393	142
25	309
70	244
341	373
42	1757
903	2232
92	255
12	3
558	409
219	1531
821	177
460	1251
34	128
668	168
134	80
279	511
299	172
123	1963
330	444
424	730
66	1540
166	315
274	46
96	687
181	30
36	751
613	26
897	2227
242	293
249	8
137	208
354	26
9	16
588	825
812	2077
220	1189
883	2205
77	1031
453	745
178	619
290	126
92	843
42	391
219	221
279	487
152	252
25	94
92	597
79	186
220	71
12	172
0	142
34	71
381	747
43	21
161	321
418	680
33	7
274	77
846	2117
403	247
170	60
231	378
85	1611
263	1755
279	91
304	16
147	803
132	1420
83	130
219	875
327	391
261	489
195	837
5	231
665	239
34	127
150	774
15	815
835	2278
25	1657
420	1985
948	2334
9	852
13	358
94	125
516	549
108	1289
66	1519
128	646
601	1312
420	543
319	432
157	38
219	187
199	214
147	1272
17	52
134	1126
798	67
103	248
9	698
232	2325
269	687
339	409
42	864
9	1988
403	223
15	143
525	210
115	386
162	1748
36	663
92	256
48	416
220	41
220	24
17	141
276	210
251	233
958	2344
34	227
263	1296
210	190
339	99
494	48
627	215
147	1163
100	348
321	223
276	171
781	1549
514	890
79	513
606	298
191	1436
2	29
114	137
215	1364
107	21
44	16
837	2132
102	223
806	767
114	370
17	1552
11	185
147	1865
318	736
114	459
266	8
158	126
77	94
92	139
35	81
147	798
42	155
83	2103
25	569
121	396
25	161
607	505
53	0
390	178
465	1093
734	1368
276	1042
473	311
91	237
5	894
9	2039
191	1434
76	162
94	16
152	180
221	745
98	170
632	1363
180	231
121	1433
115	875
798	62
5	702
7	738
319	2095
25	0
530	122
210	303
103	1499
833	2314
51	113
108	1376
136	1006
147	326
232	533
501	211
168	1474
66	1090
231	101
251	236
23	186
298	68
387	283
195	1822
59	252
503	419
152	396
321	1083
501	577
158	208
319	170
404	287
588	302
386	592
171	62
491	2139
216	283
276	66
276	27
158	72
829	2122
320	285
25	231
421	1998
339	97
288	527
615	965
781	1368
805	486
685	74
168	25
175	19
485	341
196	632
409	227
295	7
140	1975
579	1246
53	10
34	135
486	1729
66	1112
102	1142
39	1357
170	34
276	387
158	465
154	704
635	65
419	411
195	1123
492	552
867	2170
418	676
405	121
148	33
404	226
216	350
429	506
26	2324
25	162
285	182
2	1147
321	777
276	1713
261	578
38	0
479	371
11	376
457	1063
13	1087
279	708
304	7
155	221
34	479
258	637
83	109
222	44
403	704
263	323
48	211
149	344
262	1746
108	74
19	11
163	793
163	831
9	755
223	269
180	1392
473	55
308	1452
210	1849
312	296
162	9
212	723
13	1332
80	949
276	639
242	486
92	402
157	364
343	731
690	1006
276	173
206	197
108	240
343	7
334	1014
792	13
114	117
401	64
352	414
5	1039
803	23
692	2163
270	185
223	723
12	1571
501	576
103	1163
694	1574
292	68
412	1357
61	20
170	39
195	1009
42	469
206	296
288	188
260	142
257	563
36	755
588	403
13	147
588	592
288	305
92	632
206	448
95	162
141	1543
178	77
692	1866
219	813
150	1411
647	1133
339	96
170	28
216	59
583	609
193	552
839	2157
178	155
9	757
44	81
270	173
115	780
322	1644
288	255
258	759
295	1802
574	544
105	146
347	12
290	36
166	853
102	401
42	473
66	350
150	1466
115	959
17	675
486	1246
34	224
210	609
756	183
794	505
492	542
376	703
48	1176
42	46
59	183
597	357
108	862
166	175
258	571
163	1170
581	544
34	1079
51	115
205	41
219	680
421	963
205	337
55	99
134	1102
613	2043
166	563
403	2028
77	1901
153	192
154	1033
321	594
13	1617
147	325
588	591
113	96
495	854
270	170
155	1600
103	402
325	250
251	235
830	2124
155	1843
25	9
482	25
156	1104
530	62
386	188
42	362
321	338
220	61
458	786
251	232
270	1379
322	845
545	371
322	332
17	637
72	191
168	2066
612	1736
585	341
512	1186
85	877
154	246
554	31
314	1432
403	246
193	1026
322	640
121	139
149	1662
276	129
745	184
407	1147
115	211
262	347
954	2337
691	1011
321	183
797	381
30	8
42	614
321	396
560	121
788	1543
424	543
285	396
258	175
319	387
42	92
18	148
225	7
195	796
103	1507
334	980
683	746
166	177
59	1118
249	7
42	795
402	228
343	25
481	172
102	589
141	1367
103	591
192	4
240	296
152	777
940	2325
701	39
17	1446
147	48
288	303
261	490
92	631
168	2071
157	121
257	315
205	613
236	1426
439	142
357	1630
290	79
210	257
266	7
323	8
318	409
514	894
153	116
219	814
633	1180
66	436
48	172
102	592
256	1367
222	105
261	488
149	308
92	333
156	1524
66	1711
102	252
121	1436
257	558
290	156
104	81
175	9
42	660
147	844
15	545
276	2235
581	564
48	1058
236	1727
147	1194
92	179
220	1270
551	564
168	392
955	2340
7	930
797	463
214	767
76	1177
206	196
616	561
479	542
152	442
210	476
17	2099
299	171
170	457
476	372
299	571
285	0
15	4
699	1635
13	940
231	1357
147	1689
479	543
5	4
76	5
519	746
525	36
506	409
270	1439
479	375
134	275
178	1186
76	3
322	1628
808	543
163	1154
137	627
258	901
272	304
721	1614
258	1101
30	16
276	1864
13	1109
561	1414
263	787
42	818
707	94
281	1352
79	26
92	331
19	2256
257	1424
780	172
108	669
102	189
2	124
603	1317
593	1984
387	285
525	28
588	338
521	975
168	246
108	2085
177	84
276	122
170	78
244	13
492	544
303	97
79	200
134	337
324	836
503	420
178	79
260	184
636	1
15	460
137	837
801	2048
197	1218
852	2149
311	95
263	769
784	1101
170	117
8	819
66	854
66	1619
92	182
404	94
242	346
88	45
788	2330
13	1932
885	2206
9	1207
25	143
152	400
132	1397
616	422
147	333
222	185
217	605
279	1726
563	383
152	223
209	1033
115	584
149	1109
134	58
551	870
263	88
256	507
234	461
270	571
505	63
467	2009
156	606
103	1581
717	373
258	1726
557	74
171	63
430	300
220	287
121	1434
219	689
754	348
270	2029
180	166
178	462
809	300
832	2126
92	7
169	534
161	96
219	863
91	236
13	1258
196	47
75	186
180	1253
195	1073
525	61
25	2021
458	1296
256	290
220	1824
693	56
512	287
42	188
85	586
797	153
62	292
441	7
279	231
299	175
273	7
86	1
17	159
501	490
260	83
797	155
92	257
152	1148
263	572
345	417
257	185
290	618
139	1916
528	1009
2	135
134	282
193	1027
6	165
216	92
92	258
149	904
210	689
359	16
66	1465
320	350
528	1085
108	1257
55	98
404	25
631	109
83	1003
66	1852
695	2212
147	1267
45	2054
319	91
234	199
314	425
17	1563
219	1099
404	225
147	1139
155	410
592	610
115	800
120	141
220	195
35	16
288	302
114	78
621	1351
299	313
288	447
588	188
21	1031
166	644
322	810
835	2141
92	186
403	179
42	58
519	124
257	547
405	123
465	1095
212	269
66	1630
13	1434
357	432
773	62
224	151
588	588
407	797
13	600
797	624
220	905
104	16
588	189
151	1011
37	1467
273	333
276	1784
109	415
9	1896
178	271
270	168
9	532
226	37
261	493
111	235
197	1117
179	21
586	916
148	1025
339	410
15	145
42	1211
398	543
528	544
870	2250
327	1126
378	395
195	37
321	648
123	94
109	1049
11	5
263	890
567	121
34	262
178	958
13	1433
406	695
661	506
121	780
13	9
270	416
451	47
768	996
220	34
66	440
48	1559
260	313
242	231
17	1408
295	262
257	43
42	144
42	76
25	1648
195	1919
103	802
234	198
629	505
147	332
667	239
219	585
232	532
514	891
290	24
463	916
353	426
114	381
59	825
33	81
77	625
232	290
234	1555
142	37
206	449
137	2007
495	938
251	1435
195	929
276	633
216	199
195	1125
219	780
308	645
168	0
79	1609
5	426
544	410
258	558
74	81
270	323
156	124
219	855
530	121
42	124
149	1659
302	269
92	911
860	2161
290	462
121	478
212	230
58	3
9	8
48	765
645	410
357	901
608	0
42	480
42	462
11	174
276	624
147	334
257	89
108	759
278	16
168	2073
740	290
284	376
242	314
103	574
309	8
92	180
343	543
114	199
103	259
51	141
206	453
96	3
46	2164
249	2110
59	1584
421	967
231	124
43	384
217	98
180	804
288	1969
178	41
34	129
100	1889
647	157
276	289
92	673
525	39
5	511
115	1796
103	863
66	1472
13	1422
34	57
319	827
55	96
36	8
195	1920
219	294
114	41
290	75
244	18
150	405
356	215
444	1167
608	1
219	783
103	584
138	67
15	5
512	367
141	1122
288	952
219	1590
53	96
178	72
170	73
17	33
511	1006
76	1487
79	188
273	330
743	409
170	356
115	303
433	1357
573	1182
12	1015
12	171
279	1695
17	2097
9	1990
196	327
30	26
155	1455
320	716
115	592
321	875
367	321
139	949
114	465
261	577
368	32
114	391
554	142
367	320
5	1040
206	998
63	11
200	9
299	174
258	894
35	206
870	2176
79	1374
21	392
83	933
662	1014
42	1894
79	187
303	980
15	185
83	108
37	4
624	410
36	666
251	19
121	476
100	1055
36	323
318	544
25	313
147	631
139	1917
121	1083
108	1787
386	808
588	253
142	509
652	9
519	194
276	29
189	68
103	305
11	495
696	1595
115	177
486	889
59	476
937	2319
66	248
288	182
68	21
166	314
151	1351
295	1248
290	41
55	100
729	1782
42	38
147	1664
525	79
77	1175
108	886
450	134
134	341
220	36
701	28
362	776
221	767
612	1338
407	671
324	124
150	1060
420	698
142	510
895	2226
43	131
219	402
46	16
348	4
386	252
54	146
344	789
320	715
531	1956
105	12
216	353
501	487
249	507
168	2069
946	2334
215	378
210	454
25	1396
387	351
254	8
109	193
25	762
258	386
345	421
102	798
387	280
463	788
48	387
263	658
274	79
86	0
48	311
274	40
215	905
137	47
209	25
13	1842
444	7
234	36
23	3
790	292
17	1253
216	351
42	712
193	1014
147	914
276	362
34	370
34	449
364	7
525	270
305	8
108	1748
647	158
115	1146
66	1694
168	509
42	71
66	442
48	1605
178	362
25	147
719	1135
507	627
183	251
150	551
108	348
473	231
258	872
479	1009
284	371
479	1014
23	321
695	1588
42	1103
115	302
334	542
126	149
486	1641
574	543
350	520
216	362
249	751
15	146
166	142
11	21
115	814
495	855
53	374
834	2128
485	964
54	2044
394	506
134	87
902	2231
154	16
39	951
108	720
18	9
178	287
13	179
108	293
114	619
215	119
376	65
438	2179
440	616
209	16
421	143
108	1942
42	59
88	7
5	260
387	345
258	671
615	1174
53	11
134	1105
397	103
276	270
178	57
37	735
282	32
108	541
750	425
588	339
137	36
30	2013
231	683
835	2129
215	952
215	103
91	12
134	117
215	457
154	8
5	969
210	403
48	231
121	592
219	1143
163	830
17	638
403	259
66	779
219	252
25	142
321	1146
290	153
578	90
12	89
178	459
607	679
13	916
77	322
30	1113
634	542
75	608
219	303
536	887
180	311
13	671
40	416
195	574
0	152
285	4
605	119
195	341
14	1214
241	2180
171	65
348	3
178	58
103	257
270	1818
48	31
109	42
152	781
403	182
334	417
257	1886
114	1596
123	482
158	71
706	1836
76	147
439	293
439	366
598	505
239	6
66	509
48	91
5	416
25	2023
34	286
170	344
168	2067
34	529
134	135
219	194
263	906
121	388
577	1135
658	11
109	1308
256	667
611	506
279	314
407	901
261	492
481	169
34	318
155	483
54	292
216	29
66	255
392	505
114	382
567	123
20	2256
209	8
353	293
308	8
42	903
105	0
279	89
103	583
357	200
109	1307
258	934
149	94
227	37
5	44
846	2174
99	11
42	267
178	369
27	5
17	13
363	8
949	2335
66	1471
519	119
943	2326
710	746
404	40
288	588
254	384
147	910
108	2088
778	32
25	970
545	374
108	711
34	459
503	561
797	2158
54	12
214	532
321	476
276	62
584	352
473	142
288	704
263	935
605	144
802	56
115	470
156	286
40	4
66	1168
352	392
13	25
5	90
220	28
260	323
25	763
210	1789
115	798
419	410
75	454
215	525
220	126
604	2240
147	843
79	1692
386	303
718	296
236	99
641	62
184	334
696	1593
155	179
950	2335
66	1528
17	93
386	875
270	1438
25	407
334	409
321	863
156	268
102	799
13	945
147	328
13	224
150	562
263	1288
66	180
680	1457
745	1041
230	86
158	136
288	477
321	222
13	249
7	625
793	62
34	120
467	550
319	2080
273	327
5	432
25	191
83	848
66	446
249	310
155	25
163	331
9	756
887	2287
893	2222
102	187
197	1366
83	413
312	294
153	906
37	1177
216	464
686	102
48	1529
170	136
147	1192
66	686
92	305
773	64
403	188
115	650
595	314
242	185
257	211
231	296
5	1041
103	1080
59	588
94	122
166	44
137	25
155	94
195	1428
9	758
108	44
207	482
12	600
40	1934
322	494
76	1355
34	614
327	1105
108	231
103	799
113	100
288	187
12	600
220	474
13	1173
219	2308
420	1819
168	904
178	136
13	599
9	1739
288	1184
230	82
195	627
147	433
456	374
806	746
223	230
102	183
16	11
318	730
134	1131
76	1044
258	492
25	460
75	47
412	505
54	407
333	505
152	6
66	221
386	478
183	440
224	94
120	1004
788	1546
116	3
258	827
77	321
145	6
209	605
108	239
154	946
125	506
263	1176
13	12
38	5
525	273
439	314
42	60
12	1
508	37
210	508
507	583
121	181
270	1382
158	46
42	271
102	26
195	1074
270	348
66	190
132	902
196	433
9	868
465	822
25	815
260	287
80	1167
464	670
234	370
174	1133
454	411
30	182
11	374
696	1594
233	2271
667	311
409	224
675	311
611	1357
327	1129
84	20
308	708
219	1575
35	144
224	147
386	182
115	338
109	1012
154	1872
178	87
733	342
163	147
420	730
147	1269
397	268
135	84
102	306
357	762
195	1010
53	146
81	244
279	1061
260	26
115	259
91	9
279	872
276	64
268	376
629	506
42	207
103	592
44	951
134	363
219	1217
108	1388
220	1232
231	505
178	156
613	25
25	1336
334	1028
48	740
13	457
596	730
70	68
257	611
403	396
200	501
404	26
389	68
25	151
751	747
322	843
201	1858
114	1128
195	580
45	81
525	23
114	59
147	1718
568	1136
133	10
525	2196
357	513
302	518
219	1686
36	412
13	602
855	2155
588	305
170	122
114	1196
108	787
263	142
168	1811
152	470
367	1089
34	155
46	131
219	593
413	698
54	0
66	1249
387	350
115	339
705	120
297	16
310	99
290	154
479	372
501	488
240	206
25	185
376	549
574	542
256	665
496	616
85	395
210	808
83	847
219	799
134	28
155	576
490	548
121	1142
319	211
59	596
152	304
403	258
329	776
34	639
572	293
103	800
95	161
374	8
153	748
115	304
923	2274
588	190
13	134
154	262
515	300
210	396
11	3
387	354
137	1201
322	327
115	1069
51	111
115	1070
299	647
588	475
42	620
126	146
535	300
111	1088
5	893
25	1115
178	80
103	826
69	160
413	730
25	2022
216	273
421	1949
241	1009
34	469
180	1354
397	119
4	165
13	472
388	616
49	17
440	1357
242	487
224	148
114	273
24	1343
112	454
121	1435
455	2269
242	344
23	531
279	492
42	125
257	849
651	12
393	317
12	1559
108	1354
525	198
258	891
216	271
30	131
103	1520
48	1002
134	155
110	15
588	477
366	687
669	410
615	346
103	814
195	225
121	875
220	1867
797	504
77	344
2	46
322	674
42	226
445	505
34	36
540	220
108	936
209	440
371	16
2	1062
324	66
276	634
230	84
195	1490
115	651
155	2027
48	894
18	11
54	150
79	306
102	1082
805	484
108	138
465	1096
249	1405
150	520
166	1516
48	1601
152	190
169	35
420	731
17	1671
486	1690
157	194
324	62
257	656
320	1219
2	2038
166	185
166	166
115	432
121	781
30	513
85	1967
252	16
154	402
290	463
123	262
11	172
114	71
290	381
137	71
178	208
137	41
13	149
149	392
273	673
336	16
102	778
501	578
92	661
285	179
209	54
141	1545
2	237
114	1555
404	24
521	972
180	1001
108	1322
801	32
24	7
258	576
95	5
270	142
103	652
137	26
2	36
103	1084
48	1223
273	674
260	185
418	678
150	1059
498	185
13	1333
92	188
288	709
115	402
42	121
537	100
42	615
548	1061
318	1085
760	388
25	247
109	2103
318	552
102	248
25	17
215	865
48	383
372	1067
437	82
432	549
413	731
147	1193
134	36
53	9
9	1897
651	10
138	62
806	768
100	572
53	12
260	211
361	426
260	314
42	153
290	92
701	24
152	403
121	54
739	165
276	211
137	838
544	998
522	548
83	51
137	78
100	134
299	348
376	62
310	142
357	359
580	1136
824	2138
140	1978
670	311
389	178
115	306
25	5
136	505
178	38
219	692
121	779
223	518
911	2248
103	403
616	420
781	1367
66	1
615	344
288	453
414	48
361	759
147	1270
321	252
603	1315
733	422
561	1116
134	125
440	1006
465	1097
372	870
789	37
249	229
573	1183
698	232
26	94
288	248
219	304
134	156
12	174
321	478
297	7
261	483
219	1084
152	183
156	144
634	410
66	305
168	857
